Type,Name,Request Count,Failure Count,Median Response Time,Average Response Time,Min Response Time,Max Response Time,Average Content Size,Requests/s,Failures/s,50%,66%,75%,80%,90%,95%,98%,99%,99.9%,99.99%,100%
GET,/,4,0,290.0,328.9730872500627,216.50710500011883,466.7168179998953,29832.5,0.8066670410581843,0.0,350,350,470,470,470,470,470,470,470,470,470
,Aggregated,4,0,290.0,328.9730872500627,216.50710500011883,466.7168179998953,29832.5,0.8066670410581843,0.0,350,350,470,470,470,470,470,470,470,470,470
