Type,Name,Request Count,Failure Count,Median Response Time,Average Response Time,Min Response Time,Max Response Time,Average Content Size,Requests/s,Failures/s,50%,66%,75%,80%,90%,95%,98%,99%,99.9%,99.99%,100%
GET,/,3,0,1200.0,1177.5220553330048,1038.9152719999402,1319.680590999269,28636.666666666668,0.49156174434500804,0.0,1200,1200,1300,1300,1300,1300,1300,1300,1300,1300,1300
,Aggregated,3,0,1200.0,1177.5220553330048,1038.9152719999402,1319.680590999269,28636.666666666668,0.49156174434500804,0.0,1200,1200,1300,1300,1300,1300,1300,1300,1300,1300,1300
