Type,Name,Request Count,Failure Count,Median Response Time,Average Response Time,Min Response Time,Max Response Time,Average Content Size,Requests/s,Failures/s,50%,66%,75%,80%,90%,95%,98%,99%,99.9%,99.99%,100%
GET,/,46,0,580.0,643.513843891311,563.1453820001298,977.091277999989,32103.043478260868,2.3114514363100063,0.0,580,640,680,690,900,930,980,980,980,980,980
,Aggregated,46,0,580.0,643.513843891311,563.1453820001298,977.091277999989,32103.043478260868,2.3114514363100063,0.0,580,640,680,690,900,930,980,980,980,980,980
