Type,Name,Request Count,Failure Count,Median Response Time,Average Response Time,Min Response Time,Max Response Time,Average Content Size,Requests/s,Failures/s,50%,66%,75%,80%,90%,95%,98%,99%,99.9%,99.99%,100%
GET,/,4,0,390.0,501.22410900030445,377.00700999994297,728.420780000306,29830.5,0.6774269992671834,0.0,510,510,730,730,730,730,730,730,730,730,730
,Aggregated,4,0,390.0,501.22410900030445,377.00700999994297,728.420780000306,29830.5,0.6774269992671834,0.0,510,510,730,730,730,730,730,730,730,730,730
